Page,Text,Image Text,Table Text
Page_0," 
  
 image  
  
  
  
  
  
 Инструкция по работе с системой 1С Экология
 2023
  
  
  
  
  
  
"," 
",
Page_1," 
 Оглавление
Общая  информация ...........................................................................................................................................................3
Термины и определения .................................................................................................................................................4
Начало работы в системе ...............................................................................................................................................5
Порядок получения доступа в ИС .....................................................................................................................6
Профили ИС и их назначение ..............................................................................................................................8
Основные документы ИС и их назначение .................................................................................................10
Основные отчеты ИС и их назначение .........................................................................................................11
Функциональный владелец ИС ..........................................................................................................................12
Основные элементы пользовательского интерфейса ....................................................................................13
Предприятие ................................................................................................................................................................14
Охрана атмосферного воздуха ..........................................................................................................................15
Парниковые  газы ......................................................................................................................................................16
Охрана водных объектов ......................................................................................................................................17
Обращение с отходами .........................................................................................................................................18
Экологические показатели ...................................................................................................................................19
Производственный экологический контроль .............................................................................................20
Землепользование ....................................................................................................................................................21
Проверки .......................................................................................................................................................................22
Мероприятия ...............................................................................................................................................................23
Управление отчетностью ......................................................................................................................................24
Сервисы  экологам ....................................................................................................................................................25
Нормативно-справочная информация ..........................................................................................................26
Работа  с  системой ............................................................................................................................................................27
Профиль Инженер по охране окружающей среды ................................................................................28
Профиль Ответственный за ведение журналов по водным объектам .........................................29
Профиль Ответственный за НСИ ......................................................................................................................30
Профиль Ответственный за учет парниковых газов ..............................................................................31
Профиль Ответственный за обращение с отходами ..............................................................................32
Профиль Ответственный за НСИ ""Контрагенты"" ......................................................................................33
Профиль Ответственный за учет водных объектов ................................................................................34
Профиль Ответственный за учет по воздуху .............................................................................................35
Профиль Просмотр всех данных организации .........................................................................................36
Профиль Руководитель по охране окружающей среды .......................................................................37
Профиль Руководитель подразделения ........................................................................................................38
Профиль  Эколог ........................................................................................................................................................39
 2
",,
Page_2," 
 Общая информация
 Основным  назначением  информационной  системы  1С  Экология  является  автоматизация
 задач  экологической  безопасности  и  охраны  окружающей  среды  в  крупных  территориально-
 распределенных и холдинговых компаниях.
 Бизнес-процессы, реализованные в функционале 1С Экология:
 -        Учет – ведение учета по всем направлениям в области охраны окружающей среды;
 -        Планирование – составление годовых программ и планов;
 -                Контроль  –  подготовка  протоколов  и  актов  о  проведенных  мероприятиях  по  охране
 окружающей среды;
 -                Формирование  отчетности  –  формирование  основных  документов  для  отчета  перед
 госорганами.
 Инструкция предназначена для сотрудников, работающих в системе 1С Экология для ведения
 отчетности по всем направлениям защиты окружающей среды.
 Created with Dr.Explain
Free restricted license
 3
",,
Page_3," 
 Термины и определения
 ООС – охрана окружающей среды
 ИС – информационная система
 ПСО – Портал самообслуживания, https://pso.enplus.group/
 ЗВ – загрязняющее вещество
 ИЗА – источники загрязнения
 ИВ – источники выбросов
 Руководство  пользователя  –  документ  от  производителя  программного  обеспечения-
 разработчика 1С Экология, в котором подробно описан порядок заполнения каждого документа
 и справочника системы
  
  
 Created with Dr.Explain
Free restricted license
 4
",,
Page_4," 
 Начало работы в системе
 Для начала работы в системе:
 1)            Запустить ярлык Citrix En+Group на рабочем столе;
 2)            На закладке «Категории» перейти в папку Организации:
  
 image  
 3)            Перейти в папку с наименованием организации, запустить ярлык базы 1С
 Экология ООС, например:
  
 image Created with Dr.Explain
Free restricted license
 5
","@л+

ввоит

Приложения

Избранное (2) Категории

РИ Общие ИС (17) Е Организации (70)

и” Тестовая площадка

(1)

я

ГЛАВНАЯ СТРАНИЦА.
 @л+

споурР

Приложения

Избранное (2) Категории

> Организации > АВТОЗАВОДСКАЯ ТЭЦ ООО

эх

1С Экология 00С Охрана труда

Организац оганизации
",
Page_5," 
 Порядок получения доступа в ИС
Для получения доступа к ИС необходимо сформировать обращение на Портале самообслуживания:
 1)            Зайти на Портал самообслуживания по ссылке https://pso.enplus.group/;
 2)            Нажать на кнопку «Настройка прав доступа» в блоке «Быстрый доступ».
  
 image  
 На вкладке «Системные ресурсы» пройти по пути «Информационные системы – Системы по экологии
 и охране окружающей среды – 1С: Экология». Выбрать один из перечисленных профилей:
 - Инженер по охране окружающей среды;
 - Ответственный за ведение журналов по водным объектам;
 - Ответственный за НСИ;
 - Ответственный за НСИ «Контрагенты»;
 - Ответственный за обращение с отходами;
 - Ответственный за учет парниковых газов;
 - Ответственный за учет по водным объектам;
 - Ответственный за учет по воздуху;
 - Просмотр всех данных организации;
 - Руководитель по охране окружающей среды;
 - Руководитель подразделения;
 - Эколог.
  
 Выбрать организацию, по которой предоставляется доступ.
 Нажать «Отправить заявку».
  
 6
","@л+ Главная Мои обращения — Мои согласования Документы * а

0о

Быстрый доступ
Портал самообслуживания

С удньдный доетупмем

 

ег» ( Моиизбранные | _ Мое рабочее место Информационные системы Информационные ресурсы `Эпектронная почта и телефония В нистродна про достуч
м АНИ

Е Буьлтерскию справки
Бухгалтерские и кадровые документы `Занупка информационных технологий Офис (АХО) Кадровая служба Еп+ бгомр 'Учетно-сервисный центр.

{В кедровые справки

         

3 вопрос вмадровую слумбу
Мое рабочее место

&? Корпоративный портал Еп+

5 Арни описания релизов
",
Page_6," 
 image  
 Created with Dr.Explain
Free restricted license
 7
","Информационные ресурсы

Системные ресурсы Файловые ресурсы ©

+ ПКТехнологических присоединений
+ Система сбалансированных показателей
- Системы по экологии и охране окружающей среды
- 1С: Экология
@ Инженер по охране окружающей среды
Ответственный за ведение журналов по водным объектам
Ответственный за НСИ
Ответственный за НСИ “Контрагенты""

Ответственный за обращение с отходами

Системные ресурсы

+ Информационные системы/Системы по экологии и охране окружающей среды/1С; Экология/Инженер по охране
окружающей среды

Выберите организацию * у

Контактная информация

Телефон*

(3952) 79 77 97, доб. 56611

ры в
*Поля обязательны для заполнения
",
Page_7," 
 table Профили ИС и их назначение
 В  таблице  №  1  перечислены  профили,  используемые  в  ИС,  и  описаны  функции,  доступные
 пользователям профиля.
 Таблица № 1 – Описание профилей пользователей системы «1С Экология»
 Профиль
 Доступные разделы
 Доступные функции
 Инженер по охране окружающей среды
 - Предприятие
 Создание,  редактирование  и  просмотр  документов  в  разделах  Предприятие,  Охрана
 - Охрана атмосферного воздуха
 атмосферного  воздуха,  Парниковые  газы,  Охрана  водных  объектов,  Обращение  с  отходами,
 Экологические  показатели,  Производственный  экологический  контроль,  Землепользование,
 - Парниковые газы
 Проверки,  Мероприятия,  Управление  отчетностью,  Сервисы  экологам,  Нормативно-справочная
 - Охрана водных объектов
 информация
 - Обращение с отходами
 - Экологические показатели
 - Производственный экологический контроль
 - Землепользование
 - Проверки
 - Мероприятия
 - Управление отчетностью
 - Сервисы экологам
 - Нормативно-справочная информация
 Ответственный  за  ведение  журналов  по  водным
 - Охрана водных объектов
 Создание,  редактирование  и  просмотр  документов  в  разделе  «Охрана  водных  объектов»  с
 объектам
 возможностью  ведения  инвентаризации,  журналов  учета  водопользования,  а  также  направление
 использования воды
 Ответственный за НСИ
 - Предприятие
 Создание,  редактирование  и  просмотр  справочников  в  разделе  «Предприятие»:  Договоры
 контрагентов, Сотрудники, Должности, Физические лица. Просмотр данных в разделе «Нормативно-
 справочная информация»
 Ответственный за учет парниковых газов
 - Парниковые газы
 Создание, редактирование и просмотр документов в разделе «Парниковые газы»
 Ответственный за обращение с отходами
 - Обращение с отходами
 Создание, редактирование и просмотр документов в разделе «Обращение с отходами»
 Ответственный за НСИ ""Контрагенты""
 - Предприятие
 Создание, редактирование и просмотр документов в справочнике «Контрагенты»
 Ответственный за учет водных объектов
 - Охрана водных объектов
 Создание, редактирование и просмотр документов в разделе «Охрана водных объектов»
 Ответственный за учет по воздуху
 - Охрана атмосферного воздуха
 Создание, редактирование и просмотр документов в разделе «Охрана атмосферного воздуха»
 Просмотр всех данных организации
 - Предприятие
 Просмотр все информации по охране окружающей среды по организации
 - Охрана атмосферного воздуха
 - Парниковые газы
 - Охрана водных объектов
 - Обращение с отходами
 - Экологические показатели
 8
",,"|Профили ИС и их назначение В таблице № 1 перечислены профили, используемые в ИС, и описаны функции, доступные пользователям профиля. Таблица № 1 – Описание профилей пользователей системы «1С Экология»|None|None|None|
|Профиль|Доступные разделы||Доступные функции|
|Инженер по охране окружающей среды|- Предприятие - Охрана атмосферного воздуха - Парниковые газы - Охрана водных объектов - Обращение с отходами - Экологические показатели - Производственный экологический контроль - Землепользование - Проверки - Мероприятия - Управление отчетностью - Сервисы экологам - Нормативно-справочная информация||Создание, редактирование и просмотр документов в разделах Предприятие, Охрана атмосферного воздуха, Парниковые газы, Охрана водных объектов, Обращение с отходами, Экологические показатели, Производственный экологический контроль, Землепользование, Проверки, Мероприятия, Управление отчетностью, Сервисы экологам, Нормативно-справочная информация|
|Ответственный за ведение журналов по водным объектам|- Охрана водных объектов||Создание, редактирование и просмотр документов в разделе «Охрана водных объектов» с возможностью ведения инвентаризации, журналов учета водопользования, а также направление использования воды|
|Ответственный за НСИ|- Предприятие||Создание, редактирование и просмотр справочников в разделе «Предприятие»: Договоры контрагентов, Сотрудники, Должности, Физические лица. Просмотр данных в разделе «Нормативно- справочная информация»|
|Ответственный за учет парниковых газов|- Парниковые газы||Создание, редактирование и просмотр документов в разделе «Парниковые газы»|
|Ответственный за обращение с отходами|- Обращение с отходами||Создание, редактирование и просмотр документов в разделе «Обращение с отходами»|
|Ответственный за НСИ ""Контрагенты""|- Предприятие||Создание, редактирование и просмотр документов в справочнике «Контрагенты»|
|Ответственный за учет водных объектов|- Охрана водных объектов||Создание, редактирование и просмотр документов в разделе «Охрана водных объектов»|
|Ответственный за учет по воздуху|- Охрана атмосферного воздуха||Создание, редактирование и просмотр документов в разделе «Охрана атмосферного воздуха»|
|Просмотр всех данных организации|- Предприятие - Охрана атмосферного воздуха - Парниковые газы - Охрана водных объектов - Обращение с отходами - Экологические показатели|None|None|"
Page_8," 
 table - Производственный экологический контроль
 - Землепользование
 - Проверки
 - Мероприятия
 - Управление отчетностью
 - Сервисы экологам
 - Нормативно-справочная информация
 Руководитель по охране окружающей среды
 - Предприятие
 Создание,  редактирование  и  просмотр  документов  организации  в  разделах  Охрана  атмосферного
 - Охрана атмосферного воздуха
 воздуха,  Охрана  водных  объектов,  Обращение  с  отходами,  Производственный  экологический
 - Парниковые газы
 контроль,  Землепользование,  Проверки,  Мероприятия,  Управление  отчетностью,  Нормативно-
 - Охрана водных объектов
 справочная информация
 - Обращение с отходами
 - Экологические показатели
 - Производственный экологический контроль
 - Землепользование
 - Нормативно-справочная информация
 Руководитель подразделения
 - Предприятие
 Просмотр  документов  в  разделах  Охрана  атмосферного  воздуха,  Охрана  водных  объектов,
 - Охрана атмосферного воздуха
 Обращение  с  отходами,  Управление  отчетностью,  Нормативно-справочная  информация  по
 - Парниковые газы
 подразделению
 - Охрана водных объектов
 - Обращение с отходами
 - Экологические показатели
 - Производственный экологический контроль
 - Землепользование
 - Предприятие
 Эколог
 Создание,  редактирование  и  просмотр  документов  в  разделах  Предприятие,  Охрана
 - Охрана атмосферного воздуха
 атмосферного  воздуха,  Парниковые  газы,  Охрана  водных  объектов,  Обращение  с  отходами,
 - Парниковые газы
 Экологические  показатели,  Производственный  экологический  контроль,  Землепользование,
 - Охрана водных объектов
 Проверки,  Мероприятия,  Управление  отчетностью,  Сервисы  экологам,  Нормативно-справочная
 - Обращение с отходами
 информация
 - Экологические показатели
 Доступ  к  отчетам:  Анализ  мероприятий,  Универсальны  отчет,  Декларация  о  составе  и  свойствах
 - Производственный экологический контроль
 сточных вод, Отчет о выполнении плана мероприятий
 - Землепользование
 - Проверки
 - Мероприятия
 - Управление отчетностью
 - Сервисы экологам
 - Нормативно-справочная информация
 Created with Dr.Explain
Free restricted license
 9
",,"||- Производственный экологический контроль - Землепользование - Проверки - Мероприятия - Управление отчетностью - Сервисы экологам - Нормативно-справочная информация|None|None|
|Руководитель по охране окружающей среды|- Предприятие - Охрана атмосферного воздуха - Парниковые газы - Охрана водных объектов - Обращение с отходами - Экологические показатели - Производственный экологический контроль - Землепользование - Нормативно-справочная информация||Создание, редактирование и просмотр документов организации в разделах Охрана атмосферного воздуха, Охрана водных объектов, Обращение с отходами, Производственный экологический контроль, Землепользование, Проверки, Мероприятия, Управление отчетностью, Нормативно- справочная информация|
|Руководитель подразделения|- Предприятие - Охрана атмосферного воздуха - Парниковые газы - Охрана водных объектов - Обращение с отходами - Экологические показатели - Производственный экологический контроль - Землепользование||Просмотр документов в разделах Охрана атмосферного воздуха, Охрана водных объектов, Обращение с отходами, Управление отчетностью, Нормативно-справочная информация по подразделению|
|Эколог|- Предприятие - Охрана атмосферного воздуха - Парниковые газы - Охрана водных объектов - Обращение с отходами - Экологические показатели - Производственный экологический контроль - Землепользование - Проверки - Мероприятия - Управление отчетностью - Сервисы экологам - Нормативно-справочная информация||Создание, редактирование и просмотр документов в разделах Предприятие, Охрана атмосферного воздуха, Парниковые газы, Охрана водных объектов, Обращение с отходами, Экологические показатели, Производственный экологический контроль, Землепользование, Проверки, Мероприятия, Управление отчетностью, Сервисы экологам, Нормативно-справочная информация Доступ к отчетам: Анализ мероприятий, Универсальны отчет, Декларация о составе и свойствах сточных вод, Отчет о выполнении плана мероприятий|
|Created with Dr.Explain Free restricted license|None|None|None|"
Page_9," 
 table Основные документы ИС и их назначение
 Наименование
 Назначение
 Выбросы в атмосферу от стационарных источников
 Документ для ведения информации о количестве выбросов в атмосферу
 Инвентаризация выбросов загрязняющих веществ
 Документ для выявления и учета источников загрязнения атмосферы
 Разрешение на выброс ЗВ в атмосферу (по площадкам)
 Документ для регистрации надзорным органом нормативно-разрешительного документа на выбросы ЗВ в атмосферу
 Норматив выбросов ЗВ 1-2 класса опасности
 Документ для формирования нормативов выбросов ЗВ в атмосферный воздух
 Несущественные источники выбросов парниковых газов
 Документ для учета несущественных источников выбросов парниковых газов
 Учет объемов водопользования
 Документ для регистрации не суточных объемов отведения или забора воды
 Учет водопотребления/ водоотведения другими методами/
 Документы для формирования данных журналов учета водопотребления
 средствами измерения
 Использование воды
 Документ для регистрации использования воды
 Сбросы ЗВ в воду
 Документ для регистрации сбросов загрязняющих везществ в воду
 Передача отходов
 Документ для фиксации передачи отходов предприятием стороннему контрагенту
 Прием отходов
 Документ для фиксации приема отходов предприятием от стороннего контрагента
 Образование отходов
 Документ для фиксации образования отходов на предприятии
 Движение отходов
 Документ для фиксации движения отходов на предприятии
 Паспорта отходов
 Документ для регистрации паспортов отходов
 Нормативы образования отходов и лимиты на их размещение
 Документ для регистрации выданных надзорными органами утвержденных нормативов образования и лимитов на размещение
 отходов в системе
 Created with Dr.Explain
Free restricted license
 10
",,"|Основные документы ИС и их назначение|None|None|
|Наименование|Назначение||
|Выбросы в атмосферу от стационарных источников|Документ для ведения информац|ии о количестве выбросов в атмосферу|
|Инвентаризация выбросов загрязняющих веществ|Документ для выявления и учета|источников загрязнения атмосферы|
|Разрешение на выброс ЗВ в атмосферу (по площадкам)|Документ для регистрации надзо|рным органом нормативно-разрешительного документа на выбросы ЗВ в атмосферу|
|Норматив выбросов ЗВ 1-2 класса опасности|Документ для формирования но|рмативов выбросов ЗВ в атмосферный воздух|
|Несущественные источники выбросов парниковых газов|Документ для учета несуществен|ных источников выбросов парниковых газов|
|Учет объемов водопользования|Документ для регистрации не сут|очных объемов отведения или забора воды|
|Учет водопотребления/ водоотведения другими методами/ средствами измерения|Документы для формирования д|анных журналов учета водопотребления|
|Использование воды|Документ для регистрации испол|ьзования воды|
|Сбросы ЗВ в воду|Документ для регистрации сброс|ов загрязняющих везществ в воду|
|Передача отходов|Документ для фиксации передач|и отходов предприятием стороннему контрагенту|
|Прием отходов|Документ для фиксации приема|отходов предприятием от стороннего контрагента|
|Образование отходов|Документ для фиксации образов|ания отходов на предприятии|
|Движение отходов|Документ для фиксации движени|я отходов на предприятии|
|Паспорта отходов|Документ для регистрации паспо|ртов отходов|
|Нормативы образования отходов и лимиты на их размещение|Документ для регистрации выдан отходов в системе|ных надзорными органами утвержденных нормативов образования и лимитов на размещение|
|Created with Dr.Explain Free restricted license|None|None|"
Page_10," 
 table Основные отчеты ИС и их назначение
 Отчет
 Назначение
 Декларация о плате за негативное воздействие на окружающую среду
 Отчет для формирования годовой декларации по негативному воздействию, подаваемая в надзорные органы ежегодно
 2-ТП (воздух)
 Отчет формируется на основании данных первичного учета, зарегистрированных в разделе «Охрана атмосферного воздуха»
 2-ТП (водхоз)
 Отчет формируется на основании данных первичного учета, зарегистрированных в разделе «Охрана водных объектов»
 2-ТП (отходы)
 Отчет формируется на основании данных первичного учета, зарегистрированных в разделе «Обращение с отходами»
 2-ТП (рекультивация)
 Отчет формируется на основании документа «Учет актов рекультивации»
 Created with Dr.Explain
Free restricted license
 11
",,"|Основные отчеты ИС и их назначение|None|None|
|Отчет|Назначение||
|Декларация о плате за негативное воздействие на окружающую среду|Отчет для формировани|я годовой декларации по негативному воздействию, подаваемая в надзорные органы ежегодно|
|2-ТП (воздух)|Отчет формируется на о|сновании данных первичного учета, зарегистрированных в разделе «Охрана атмосферного воздуха»|
|2-ТП (водхоз)|Отчет формируется на о|сновании данных первичного учета, зарегистрированных в разделе «Охрана водных объектов»|
|2-ТП (отходы)|Отчет формируется на о|сновании данных первичного учета, зарегистрированных в разделе «Обращение с отходами»|
|2-ТП (рекультивация)|Отчет формируется на о|сновании документа «Учет актов рекультивации»|
|Created with Dr.Explain Free restricted license|None|None|"
Page_11," 
 Функциональный владелец ИС
 Функциональный  владелец  ИС  –  Заместитель  директора  департамента  по  управлению
 экологическими и климатическими рисками МКООО «Эн+ Холдинг»
 Created with Dr.Explain
Free restricted license
 12
",,
Page_12," 
 Основные элементы пользовательского интерфейса
 Created with Dr.Explain
Free restricted license
 13
",,
Page_13," 
 Предприятие
 В разделе имеются документы для заведения основных данных по организациям и сотрудникам,
 а также нормативная документация.
 image Рисунок 1
 Created with Dr.Explain
Free restricted license
 14
"," 

 

 

2 полн

‘Сведения о предприятии ""Сведения об обучении ‘отчеты
Оргзкомщии Курсы обуния ОС. ‘отчего обучение сотрудников ООС:
Подразделения оранизаций омагиия обучения ОС
Производственные площади ""Пика по природоохранной даятельности
Цехоучастки Учет проведения обучения 00С.
лаборатории
Лацеманонные участ ""Сотрудники
Руанты оранионщии Должности
`Объонь. оомоающие ВОС. Сотруаники

‘Физически лиц

‘Сведения о внешних субъектах
Комрат ны
Договоры чонралонтоя око

‘окт

окей

око

Репюны Российской Федороции
кк

Виды детальное орбизации

 
",
Page_14," 
 Охрана атмосферного воздуха
 В разделе имеются документы для ведения деятельности по охране атмосферного воздуха.
 image Рисунок 2
 Created with Dr.Explain
Free restricted license
 15
","<> Озрана имосфорнио
возуха

 

 

`Учетвыбросов
Бру от Сиаран ети
""Протоколы анализа промышленных выбросов
Работ пыпигвзоочиетных установок

Е

Мероприятия по сарае атмосферного воздуха:
ОЗдаыи на выпотниейи меропрвиний в пернод НМУ
""Мероприятия, прообдиныю в период НМУ
‘отчет выполнении природоокронных меротритий
""Пели нероориттьй в период Ну
""Позм прирооокранных мероприяьй

Инвентаризация
‘иетевныки загрязненияувыдаления
""Пыпегвовочистные установки
Мории соншгятороо
‘Объекты ДУ
Типы параметров ДУ
Инвентаризация выброс зарлоняющих веществ
Укнановка нормируоных загряоняжющих ващесть
Установка признака запловых выбросов источникам
‘прова природовхранной деятельности
""Вод сводьний применяемых ва ИЗАМВ челнолориях.

Регистрация данных НРД
`Разрошенис на выброс 38 о апиосфору (по площадки)
""Общее разрешение на выброс © атмосферу
Комплексное зкопогическов разрешение
`Римсрация воздействия на окружающую среду
Норматив выбросов 38 1-2 класса опасности
""Список норметивов выбросов
`Ривстр мориативморкорешительной документации

`Вощостиа. заирязняющио атчосфору
""Расчеты выбросов ЗВ по методикам
“Исходные сведений для расмета выбросов
_Отрыть расчетный изтодини

Отчеты
Двипарация о плато 2 ногатизное ооодойствио на окружающую сраду
2: воздух)
“пепоонокь запризизния них характеристик
Жирная учета работы газоочистных и пылвулавпивамющих установок
""Выполнение мероприлтий по скране этиосферного воздуха
Объем расхода газа в разрезе технолопических операций
Амалитиовосая отчетность
Вромя работ оборудования
результы замеров то оборудованию

а *
",
Page_15," 
 Парниковые газы
 В разделе имеются документы для ведения деятельности по учету парниковых газов.
 image Рисунок 3
 Created with Dr.Explain
Free restricted license
 16
"," 

 

 

Документы учета парниковых газов.
Приказы о назначении ответственных
Овъзы произввдьчной продукции (оказанных услуг выпобнанных работ)

`Инвентаризация:
Гручты источник выбросов
Источники загрязненимьндеения
Нолщистиннь неточно выброс пираовых тек
Прооощетивычые поощии
Боно виде оипусчоемой проду
пар стоны выброс мерин нано

""Косвенные энергетические выбросы
""Прочия косвенные выбросы парнивовых тезов
""Захоронение зеводых отходов
""Очистка обию сточных вод
""Выбросы парниковых газов по ПП РФ МТО?

см ое
Виды зыпускзниой продужуеивиды дввтельнсети
""Мыотокомпонектные сиси
`Рыистрашя данных о содержаний в отходах органического утерода {способного разложения)
Типы истозиннор гонорации энорпни
""Объекты размещения отходов
""едеравьный «оассификационный каталог отходов
НОЛ дря расчета ПГ

   

 

Отчеты
‘исходные данные м расчет объема выбросов парниковых газов
сведения (отчет) о выброс парчиновых газов |
Сзедения (тиви) вб’объеме косвенных энергетических выбросов парников
`Обьси прамых и носоонных ыбросое парниновых газо
Отит о выбросах париииивых гзаов (по ПП РФ от 20.04.2022 №70?)
",
Page_16," 
 Охрана водных объектов
 В разделе имеются документы для ведения деятельности по охране водных объектов
 image Рисунок 4
 Created with Dr.Explain
Free restricted license
 17
"," 

Журналы учета водопользования
Учет объемов водопользования
 Кочотю сбрасыезоньх сточных вод.
{Нобподонит за показатели подосиных вод

Учет водбпотребления
Другими методами
`Сродспами иомероний

`Учетводоотведения

 Друтиши изтодами
Сродетовыы помероний

Использование ипередача воды
`испопьзовеные воды
Пертдаче воды
""Полори воды при транолортироско

Учет сбросов
Звено
Протоколы анализа оод
Расчет пивневого стока
""Произезирование платы за сбросы 38.

Инвентаризация

""объекты использования змвозорны
Пункты заборалтолучения воды

""Олени сооружения

""Приборы учета использования воды.

Ввод сведений о выполнении работ на водных объектах
`Провараи озиетных сооружений

Регистрация данных НРА
`Документы на право водопользования
`Рарешения на сброс в водные объекты
Копеконов зкопогищеское оворешение
""Речстрация воздействия на окружающую среду
""Розстр нороатионо оворошитальной докумонтаци

‘сы то
'Конролирувыме локазатели вводе
` Вещества, звгрязннющие воду
Тени контроля.

отеы
Деиларация о плат за негаменое воздействия на окружающую срзду
вода)
Выполнен робот на водных объекх форио 2-00)
`биедония о выполнении усповий недропользовони (форме 476}
`слоденых о подопотребоены форма 31)
учет вбъзма сброса форме 32)
`Качостьо сочных од форша 33)
‘отчет о выполнении условий лиценоерования нгдротользования
Декларация о постом и свобствах стозиых вод

‘Аналитичеесая отчетность

Сервис
Помощуние азоолнения: Вода
",
Page_17," 
 Обращение с отходами
 В разделе имеются документы для ведения деятельности по учету отходов на производстве.
 image Рисунок 5
 Created with Dr.Explain
Free restricted license
 18
"," 

‘Инвентаризация
оздеральньй классификационный катал отодов
ООбъониы рвзннщония отхода
""Матервавы для перевода в отлоды
вепория отд

""Регистрация данных НРД
Нориапиоы образования отходоо и лимиты на их размещению
Общий нориатие образования отходов и пишит нах размещение
Котпексное зкопоиококою разрешение
Регистрация воздействия ма окрунающую среду
Роостр норматишно- раорошитольной докумонтащии
Лицензии по отходам
""Документы владельцев ОРО.

`Дзоокения побочной продущии
Побочная продукция

См тво
Тохнологичоскио опороции то откодам
Потробояемые ресурсы
""места привия отходов,

""Компоненты отходов,

`Эпалы рокульливацаы замоль
Лицензионные участки
(Сопоставление отходов м групп утилизации

Дозларация о плато 2 ногапионое ооздойстьию на окружающую среду

2: етодь)

учет в овпясти обращения с отиоданы отчет по приказу 81028)
‘днвлитичвосая отчетность

Даннью учота о области обращения с отходами (по структурчому подраодолонию

1 ах

цех. участоки тп.)
",
Page_18," 
 Экологические показатели
 В разделе имеются документы для отслеживания деятельности предприятия.
 image Рисунок 6
 Created with Dr.Explain
Free restricted license
 19
"," 

миа идоририоня п оаботодозкя ""Ом токке Отчеты

 

Динамика выбросов заползнлющих вещесть в отипоферный воздух Груспы товара и учмовки подлежащих утимзаци `дапя отходов, направпяюмых но зоронониа
Доминика образования и разшещения отнодоя авары и уианонка подозжащие унлизации Передача отходов
Уканика нориатосо утилизации позором упанооеи `стрипуря образующихся отходов
ЗИК Декларация о поличестве товероя
Ретстрация товаров и утаковии подлежащих утилизации ‘очи о выполнении норианивоо утизиоации
Товара и упаковка для регистрации Расчет эчосбора
Э8 эололносе тоноание = Уиоиоация узновни
Сервис

""Помощник заполнения: Экосбор

 

 
",
Page_19," 
 Производственный экологический контроль
 В  разделе  имеются  документы  для  ведения  деятельности  по  экологическому  контролю  на
 предприятии.
 image Рисунок 7
 Created with Dr.Explain
Free restricted license
 20
"," 

ПР ооЩу ный околотмесний (инстр. контроль отеты

 

 

 

 

 

 

 

Проонолы анализа оо ‘оне об оризнизаци и розу осущьстилиния проноводетвонного околочисияо нтроля
Грунуродание иологического контру. Протоколы анализа почвудонных отложений: ""Данные наблюдений за водными объектами (форма 5 1)
Программа проловодетшенного экологического контроля  Пролаколы анализа промышленных выбросов `оедения о состоянии всдоожранных зон водных объектов (форма 5-2)
 Прооодонию прошорок очистных сопруноний Протоколы киерения физичислих фиктроя `сводения о режиме исгользования водоохранных зон водных объект фериз 63)
_Оснащение системами автоматического контроля: ""Протоколы контроля качества этмосфорного воздуха ` Искусственное воспроизводство водных ресурсов (форма 5-00).
_Санитарно-защитные зоны Протокол анализа атмосферных осадков ""Аналитическая отчетность
Солипебнью оны порфометрически наблюдения за подр свъакчы ""Форш (сведения об искуственном вобпрсноводстие водных рееуреся)
очи коирия НЫбоюдини ха соспозниом водоохрынной зоны воднот объекта
ЗВ меньше от ПДК Учат ани искусстоонного воспроновощельа ""Сервис
Пузнерафик зозналипическог хотроля Помощник заполнения ПК
`Аюкредитация лаборатория
Апеетгы зоредитры
Лаборатории
Методики пьполнения измерения
м вое

""Орде вамаречия параметров срелы

 

 
",
Page_20," 
 Землепользование
 В разделе имеются документы для ведения деятельности по использованию земли.
 image Рисунок 8
 Created with Dr.Explain
Free restricted license
 21
"," 

Рекультивация
""Оби релвани
Документы объонтов рекультивации
‘Пранирование работ по рехутьгивации
Въаоовчанию работ по рекультивации
Учет акне рекулымеащии
Категории земель

‘битве

лапы рекультивации земель

Отчеты

27 рекульнаация)
лом работ по рокутьиаация
[Резстр земель подлежащих рекутьтизации

Сервис

""Загрузка объектов рекультивации

ах
",
Page_21," 
 Проверки
 В  разделе  имеются  документы  для  ведения  деятельности  по  организации  проверок  на
 предприятии.
 image Рисунок 9
 Created with Dr.Explain
Free restricted license
 22
"," 

С  ® *

`Общая информация. `Внешний контроль. Отчеты
Комиссия по ссуществаению проверокуаудитов) Графики государственного контроля ""Дополнительные отчеты
учишиучий реше проверси нал апролитедий Ардеистыты
`Задаии обспедования Планы мероприятий внешних проверок Информация о нарушениях оформпенных актами целевых проверок.
 шобионь проворочных исто рооора птольцния позатевний пформния оморловнх оформионных предписания
`Резупьтаты внешних проверок.
Проверкилудиты Исполнение ль пращи приста
Головы поочы о зроеирстиаузи риф
карты обаледовтния поовороиауаит ры
лань мероприятий по проверив удитам
оргий я тоне
Закони на приовланио прооромаудитье оды нарушений
ыы сачший
Внутренние прадоисания Груты прчим нарушений
Предписания `Направпения надзора:
""Плов ратриний по проатисвили Пмрралини го прова
""Критерии проверки.
ром короля
ролеты пров
""Формы проверки
Тиовыю чорушния

Нориативнотехническая документация
рабованыя НТА.

 
",
Page_22," 
 Мероприятия
 В разделе имеются документы для ведения деятельности по управлению и поставновке задач
 сотрудникам.
 image Рисунок 10
 Created with Dr.Explain
Free restricted license
 23
"," 

 

Мероприятия

Годовые планы мероприятий
Все задочи

Мом задачи

""Перечень лизовых мероприятий
‘Сузы расащов

ностартованные мероприятия

` Виды природоохранных мероприятий

`Истозниии финансирования
""Тизы нероли

Герщщичность ероприлий

`Раздолы бюонослиана

Разделы проязводстоенной безолосности

""Отчеты
‘отчет о выполнении плака мероповятий
`днолиз мероприятий
""думает ло стнтусу мероприятий

Задачи иероприятий, истеквющие не дату

 
",
Page_23," 
 Управление отчетностью
 В разделе имеются документы для формирования отчетности по всем разделам системы.
 image Рисунок 11
 Created with Dr.Explain
Free restricted license
 24
"," 

Управление отоетностью

 

 

О
олень повктли

 Саидиния о приодения НИОКР

ктоновка мачьний отчных посаатей

Государственная статистическая отчетность
т возду)
т сода)
2: отцы)
т реку
`Зарим и пиетеки (форые 406)
Пиностиции  ооновной вапитая (орма 18 КС)
‘Выпояненио робот но водных объят фри.)
уекукотвеннов воспроизводство водных ресуреов фория 5-0)
рас сумы утигноиционного сбора (свможодныя машинь]
Расчот сумы уиационного сбора (ранспортныю создстаа)

""Расчет суммы платы
Докпарция о плато заноглтионоо воздойстьио на окружающую сроду
`Ночислание и распределение оплаты за НВОС
`Реметрация фаст оплаты за НВОС
""Залаления жа озерах или зачет изиншие уплаченной планы за НОС.

Международная отчетность
68 3-3 Болонабор/ЗАЗЕЕЕО-1ады
[991503 Вооаюденю
ся 03-5 Потребление воды

‘Аналитическая отчетность
Аналитичеснио опчалы
Шаблон очетена СКА:

Отчеты
Робстр нормвтивно роарошитольной документации
Дехпорция ® воздействии на окружающую среду
""Мониторинг выброкоя загрязняющих веществ в атмосферу по оргонизации
""Общий выброс по всем ИЗА.

‘Статусы элоктронного сотпасования
`Экопогический паспорт предприятия
Декларация о количестве товар

`ончет о выполнении нормативов узилизащии
""Основная аналитика по НД.

""Основная аналитика по отходами

Расчет экообора

""Постановка объкта-НВОС на учет
‘сводные отчетные формы по воздуху
‘саодные очетные фары по отходы

‘Сводный очи по пронзводстевнкоиу экололическому (инструментапьному) контролю и момиторечиу на объект

`Униоорсавьный отчот

 
",
Page_24," 
 Сервисы экологам
 В разделе имеются документы для упрощения работы сотрудникам-экологам.
 image Рисунок 12
 Created with Dr.Explain
Free restricted license
 25
"," 

 

 

ах

Календарь эколога ‘Создать
Перопрития дня календари эколога Мероприятия для календаря эколога
""Организаторы мероприттия ""Организаторы мероприятия

""Данные календаря эколога
Видн меропонниий календаря
Сроки отображения в календаре по видам объекте

`Законодательно нормативные требования

""Законодательные и норивтивные требования
“измененные объекты ЭКОЮРС

""Розстр норматеных правовых актое

 

ЕД сооызнен

 
",
Page_25," 
 Нормативно-справочная информация
 В разделе имеются документы для формирования справочных данных.
 image  Рисунок 13
 Created with Dr.Explain
Free restricted license
 26
"," 

еее

 

 

Нормативы качества окружающей среды
Бир п ини вощебавий]
`Фолоры физического воадойствия
`Контропиружые параивтры в почвыдоных сукожечил»
""Прочио факторы воздействия на окружающую среду
`Вощостаа и параиотры о атмосфорных осадах.
""Нормативы качества озружающей срелы
 Природоожрачные техно

`Атеститы акередитациы
\Истовники финансирования

""Козффмииенты и постоянные величины

Критерии отнедания объыктов НБОС организаци категориям
""настройка сроков выполнения бизнес процессе

‘Слзтьи зацеп 006

`Апгоритыы пересчета дбн измерения
""Кпзссификатор апгоритн просчета одиниц изморания
`Норматионо техническая документация

Особо охранявиые природные территории

""Вецестня звгрязияющие втисеферу

` Виды источникою выделения

""Методики расчетов выбросов

""Применяемые на источниках запразнения технологии
Соответствия классификаторов веществ, загрязняющих атиосферу
Суми сощост 0001-0099

Уктановка состава пыти

""Копегории качества воды,

Отоды

`Виды документов передеми отходов
""Виды территорий
`Коипонентный состав отхода.
""Полный перечень ККС
 Потреблявиые ресурсы

 Систомы защиты объюкта разиощения
‘Способы ранения отходов
|нззкачения объентов

Система экопогического менедимонта

Загрузка ЭНГ из ЭКОЮРС:
‘Соотетслвие прут ЗА ЗКОЮРС иУ00С
""Соответствие групи экологических аспектов ЗНТ
""Законодательные м нормативные требования

‘Интервалы Знакиниости экологических аспектов

Значония поникоющих и повышающих нооффиционтою эночииости ЗА.
`Отисание значений коэффициентов индекся воздействия ЗА.
Рекшифровки значений козффициентое индекса воздействия А

 

ах
",
Page_26," 
 Работа с системой
 Created with Dr.Explain
Free restricted license
 27
",,
Page_27," 
 Профиль Инженер по охране окружающей среды
Бизнес-процессы доступные пользователю:
 ·         Учет выбросов по всем направлениям ООС
 ·         Контроль выбросов и отходов
 ·         Формирование отчетов
 Документы, доступные Профилю:
 ·         Выбросы в атмосферу от стационарных источников
 ·         Инвентаризация выбросов загрязняющих веществ
 ·         Разрешение на выброс ЗВ в атмосферу (по площадкам)
 ·         Норматив выбросов ЗВ 1-2 класса опасности
 ·         Учет объемов водопользования
 ·         Учет водопотребления/ водоотведения другими методами/ средствами измерения
 ·         Использование воды
 ·         Сбросы ЗВ в воду
 ·         Передача отходов
 ·         Прием отходов
 ·         Образование отходов
 ·         Движение отходов
 ·         Паспорта отходов
 ·         Нормативы образования отходов и лимиты на их размещение
 Отчеты, доступные Профилю:
 ·         Декларация о плате за негативное воздействие на окружающую среду
 ·         2-ТП (воздух)
 ·         2-ТП (водхоз)
 ·         2-ТП (отходы)
 ·         2-ТП (рекультивация)
 Интерфейс, доступный Профилю:
 ·         Предприятие
 ·         Охрана атмосферного воздуха
 ·         Парниковые газы
 ·         Охрана водных объектов
 ·         Обращение с отходами
 ·         Экологические показатели
 ·         Производственный экологический контроль
 ·         Землепользование
 ·         Проверки
 ·         Мероприятия
 ·         Управление отчетностью
 ·         Сервисы экологам
 ·         Нормативно-справочная документация
 Created with Dr.Explain
Free restricted license
 28
",,
Page_28," 
 Профиль  Ответственный  за  ведение  журналов  по  водным
объектам
Бизнес-процессы доступные пользователю:
 ·         Учет выбросов по водным объектам
 ·         Формирование отчетов
 Документы, доступные Профилю:
 ·         Инвентаризация выбросов загрязняющих веществ
 ·         Норматив выбросов ЗВ 1-2 класса опасности
 ·         Учет объемов водопользования
 ·         Учет водопотребления/ водоотведения другими методами/ средствами измерения
 ·         Использование воды
 ·         Сбросы ЗВ в воду
 Отчеты, доступные Профилю:
 ·         Декларация о плате за негативное воздействие на окружающую среду
 ·         2-ТП (водхоз)
 Интерфейс, доступный Профилю:
 ·         Охрана водных объектов
 Created with Dr.Explain
Free restricted license
 29
",,
Page_29," 
 Профиль Ответственный за НСИ
Бизнес-процессы доступные пользователю:
 ·         Учет данных по НСИ
 Документы, доступные Профилю:
 ·         Отсутствуют
 Отчеты, доступные Профилю:
 ·         Отсутствуют
 Интерфейс, доступный Профилю:
 ·         Предприятие
 Справочники, доступные Профилю:
 ·         Лаборатории
 ·         Договоры контрагентов
 ·         Должности
 ·         Сотрудники
 ·         Физические лица
 Created with Dr.Explain
Free restricted license
 30
",,
Page_30," 
 Профиль Ответственный за учет парниковых газов
Бизнес-процессы доступные пользователю:
 ·         Учет выбросов по парниковым газам
 ·         Формирование отчетов
 Документы, доступные Профилю:
 ·         Несущественные источники выбросов парниковых газов
 Отчеты, доступные Профилю:
 ·         Декларация о плате за негативное воздействие на окружающую среду
 ·         2-ТП (воздух)
 Интерфейс, доступный Профилю:
 ·         Парниковые газы
 Created with Dr.Explain
Free restricted license
 31
",,
Page_31," 
 Профиль Ответственный за обращение с отходами
Бизнес-процессы доступные пользователю:
 ·         Учет выбросов по отходам
 ·         Контроль отходов
 ·         Формирование отчетов
 Документы, доступные Профилю:
 ·         Передача отходов
 ·         Прием отходов
 ·         Образование отходов
 ·         Движение отходов
 ·         Паспорта отходов
 ·         Нормативы образования отходов и лимиты на их размещение
 Отчеты, доступные Профилю:
 ·         Декларация о плате за негативное воздействие на окружающую среду
 ·         2-ТП (отходы)
 Интерфейс, доступный Профилю:
 ·         Обращение с отходами
 Created with Dr.Explain
Free restricted license
 32
",,
Page_32," 
 Профиль Ответственный за НСИ ""Контрагенты""
Бизнес-процессы доступные пользователю:
 ·         Учет данных по НСИ
 Документы, доступные Профилю:
 ·         Отсутствуют
 Отчеты, доступные Профилю:
 ·         Отсутствуют
 Интерфейс, доступный Профилю:
 ·         Предприятие
 Справочники, доступные Профилю:
 ·         Контрагенты
 Created with Dr.Explain
Free restricted license
 33
",,
Page_33," 
 Профиль Ответственный за учет водных объектов
Бизнес-процессы доступные пользователю:
 ·         Учет выбросов по водным объектам
 ·         Формирование отчетов
 Документы, доступные Профилю:
 ·         Учет объемов водопользования
 ·         Учет водопотребления/ водоотведения другими методами/ средствами измерения
 ·         Использование воды
 ·         Сбросы ЗВ в воду
 Отчеты, доступные Профилю:
 ·         Декларация о плате за негативное воздействие на окружающую среду
 ·         2-ТП (водхоз)
 Интерфейс, доступный Профилю:
 ·         Охрана водных объектов
 Created with Dr.Explain
Free restricted license
 34
",,
Page_34," 
 Профиль Ответственный за учет по воздуху
Бизнес-процессы доступные пользователю:
 ·         Учет выбросов по воздуху
 ·         Контроль выбросов в атмосферу
 ·         Формирование отчетов
 Документы, доступные Профилю:
 ·         Выбросы в атмосферу от стационарных источников
 ·         Инвентаризация выбросов загрязняющих веществ
 ·         Разрешение на выброс ЗВ в атмосферу (по площадкам)
 ·         Норматив выбросов ЗВ 1-2 класса опасности
 Отчеты, доступные Профилю:
 ·         Декларация о плате за негативное воздействие на окружающую среду
 ·         2-ТП (воздух)
 Интерфейс, доступный Профилю:
 ·         Охрана атмосферного воздуха
 Created with Dr.Explain
Free restricted license
 35
",,
Page_35," 
 Профиль Просмотр всех данных организации
Бизнес-процессы доступные пользователю:
 ·         Контроль данных по организации
 Документы, доступные Профилю:
 ·         Выбросы в атмосферу от стационарных источников
 ·         Инвентаризация выбросов загрязняющих веществ
 ·         Разрешение на выброс ЗВ в атмосферу (по площадкам)
 ·         Норматив выбросов ЗВ 1-2 класса опасности
 ·         Учет объемов водопользования
 ·         Учет водопотребления/ водоотведения другими методами/ средствами измерения
 ·         Использование воды
 ·         Сбросы ЗВ в воду
 ·         Передача отходов
 ·         Прием отходов
 ·         Образование отходов
 ·         Движение отходов
 ·         Паспорта отходов
 ·         Нормативы образования отходов и лимиты на их размещение
 Отчеты, доступные Профилю:
 ·         Декларация о плате за негативное воздействие на окружающую среду
 ·         2-ТП (воздух)
 ·         2-ТП (водхоз)
 ·         2-ТП (отходы)
 ·         2-ТП (рекультивация)
 Интерфейс, доступный Профилю:
 ·         Предприятие
 ·         Охрана атмосферного воздуха
 ·         Парниковые газы
 ·         Охрана водных объектов
 ·         Обращение с отходами
 ·         Экологические показатели
 ·         Производственный экологический контроль
 ·         Землепользование
 ·         Проверки
 ·         Мероприятия
 ·         Управление отчетностью
 ·         Сервисы экологам
 ·         Нормативно-справочная документация
 Created with Dr.Explain
Free restricted license
 36
",,
Page_36," 
 Профиль Руководитель по охране окружающей среды
Бизнес-процессы доступные пользователю:
 ·         Контроль данных по организации
 ·         Планирование деятельности по ООС
 ·         Формирование отчетов
 Документы, доступные Профилю:
 ·         Выбросы в атмосферу от стационарных источников
 ·         Инвентаризация выбросов загрязняющих веществ
 ·         Разрешение на выброс ЗВ в атмосферу (по площадкам)
 ·         Норматив выбросов ЗВ 1-2 класса опасности
 ·         Учет объемов водопользования
 ·         Учет водопотребления/ водоотведения другими методами/ средствами измерения
 ·         Использование воды
 ·         Сбросы ЗВ в воду
 ·         Передача отходов
 ·         Прием отходов
 ·         Образование отходов
 ·         Движение отходов
 ·         Паспорта отходов
 ·         Нормативы образования отходов и лимиты на их размещение
 Отчеты, доступные Профилю:
 ·         Декларация о плате за негативное воздействие на окружающую среду
 ·         2-ТП (воздух)
 ·         2-ТП (водхоз)
 ·         2-ТП (отходы)
 ·         2-ТП (рекультивация)
 Справочники, доступные Профилю:
 ·         Водные объекты
 Интерфейс, доступный Профилю:
 ·         Предприятие
 ·         Охрана атмосферного воздуха
 ·         Парниковые газы
 ·         Охрана водных объектов
 ·         Обращение с отходами
 ·         Экологические показатели
 ·         Производственный экологический контроль
 ·         Землепользование
 ·         Нормативно-справочная документация
 Created with Dr.Explain
Free restricted license
 37
",,
Page_37," 
 Профиль Руководитель подразделения
Бизнес-процессы доступные пользователю:
 ·         Контроль данных по организации
 ·         Планирование деятельности по ООС
 ·         Формирование отчетов
 Документы, доступные Профилю:
 ·         Выбросы в атмосферу от стационарных источников
 ·         Инвентаризация выбросов загрязняющих веществ
 ·         Разрешение на выброс ЗВ в атмосферу (по площадкам)
 ·         Норматив выбросов ЗВ 1-2 класса опасности
 ·         Учет объемов водопользования
 ·         Учет водопотребления/ водоотведения другими методами/ средствами измерения
 ·         Использование воды
 ·         Сбросы ЗВ в воду
 ·         Передача отходов
 ·         Прием отходов
 ·         Образование отходов
 ·         Движение отходов
 ·         Паспорта отходов
 ·         Нормативы образования отходов и лимиты на их размещение
 Отчеты, доступные Профилю:
 ·         Декларация о плате за негативное воздействие на окружающую среду
 ·         2-ТП (воздух)
 ·         2-ТП (водхоз)
 ·         2-ТП (отходы)
 ·         2-ТП (рекультивация)
  Интерфейс, доступный Профилю:
 ·         Предприятие
 ·         Охрана атмосферного воздуха
 ·         Парниковые газы
 ·         Охрана водных объектов
 ·         Обращение с отходами
 ·         Экологические показатели
 ·         Производственный экологический контроль
 ·         Землепользование
 Created with Dr.Explain
Free restricted license
 38
",,
Page_38," 
 Профиль Эколог
Бизнес-процессы доступные пользователю:
 ·         Учет выбросов по всем направлениям ООС
 ·         Планирование деятельности по ООС
 ·         Контроль выбросов и отходов
 ·         Формирование отчетов
 Документы, доступные Профилю:
 ·         Выбросы в атмосферу от стационарных источников
 ·         Инвентаризация выбросов загрязняющих веществ
 ·         Разрешение на выброс ЗВ в атмосферу (по площадкам)
 ·         Норматив выбросов ЗВ 1-2 класса опасности
 ·         Учет объемов водопользования
 ·         Учет водопотребления/ водоотведения другими методами/ средствами измерения
 ·         Использование воды
 ·         Сбросы ЗВ в воду
 ·         Передача отходов
 ·         Прием отходов
 ·         Образование отходов
 ·         Движение отходов
 ·         Паспорта отходов
 ·         Нормативы образования отходов и лимиты на их размещение
 Отчеты, доступные Профилю:
 ·         Декларация о плате за негативное воздействие на окружающую среду
 ·         2-ТП (воздух)
 ·         2-ТП (водхоз)
 ·         2-ТП (отходы)
 ·         2-ТП (рекультивация)
 Интерфейс, доступный Профилю:
 ·         Предприятие
 ·         Охрана атмосферного воздуха
 ·         Парниковые газы
 ·         Охрана водных объектов
 ·         Обращение с отходами
 ·         Экологические показатели
 ·         Производственный экологический контроль
 ·         Землепользование
 ·         Проверки
 ·         Мероприятия
 ·         Управление отчетностью
 ·         Сервисы экологам
 ·         Нормативно-справочная документация
 39
",,
Page_39," 
 Created with Dr.Explain
Free restricted license
 40
",,
